0.298429319,0,1,0,0,0,1,0,0.058309038,0.413432836,0.324786325,0.083333333,0.411171451,0,0.2,0.260377358,0.714285714,0.664285714,0.29047619,0.125,0.416248205,0.346938776,0.222222222,0.289473684,0.20795889
0.298429319,0,1,0,0,0,1,0,0.058309038,0.413432836,0.324786325,0.083333333,0.411171451,0,0.2,0.260377358,0.714285714,0.664285714,0.29047619,0.125,0.416248205,0.346938776,0.222222222,0.289473684,0.282557966
0.298429319,0,1,0,0,0.5,1,0,0.2303207,0.449253731,0.444444444,0.383333333,0.517843289,0.8,0.4,0.343396226,0.714285714,0.1,0.666666667,0.125,0.58248216,0.346938776,0.166666667,0.263157895,0.282557966
0.518324607,0.047619048,1,0,1,0.75,0.5,0,0.38483965,0.529850746,0.504273504,0.541666667,0.329325058,0.4,0.2,0.181132075,0.714285714,0.464285714,0.633333333,0.1875,0.381455052,0.551020408,0.305555556,0.368421053,0.219254257
0.518324607,0.047619048,1,0,1,0.75,0,0,0.373177843,0.529850746,0.521367521,0.541666667,0.518231187,0.4,0.3,0.283018868,0.714285714,0.464285714,0.633333333,0.0625,0.431711829,0.551020408,0.138888889,0.157894737,0.306141701
0.298429319,0.047619048,1,0,0,0.75,0.5,0,0.38483965,0.540298507,0.512820513,0.441666667,0.395267649,0.4,0.3,0.283018868,0.714285714,0.464285714,0.633333333,0.09375,0.412382299,0.551020408,0.166666667,0.236842105,0.251526737
0.486910995,0.047619048,1,0,1,0.75,0.5,0,0.559766764,0.770149254,0.948717949,0.658333333,0.525989139,0.4,0.3,0.283018868,0.714285714,0.464285714,0.633333333,0.09375,0.412382299,0.551020408,0.166666667,0.236842105,0.312596197
0.298429319,0.047619048,1,0,1,1,0.5,0,0.559766764,0.770149254,0.948717949,0.658333333,0.568657874,0.4,0.3,0.283018868,0.714285714,0.464285714,0.633333333,0.09375,0.412382299,0.551020408,0.166666667,0.236842105,0.342634427
0.486910995,0.047619048,1,1,1,0.75,0.5,0,0.559766764,0.770149254,0.948717949,0.675,0.619860357,0.4,0.3,0.264150943,0.714285714,0.421428571,0.633333333,0.08125,0.528359477,0.551020408,0.111111111,0.105263158,0.465642222
0.664921466,0.095238095,1,0,0,0.75,1,0,0.425655977,0.532835821,0.384615385,0.541666667,0.351823119,0.4,0.2,0.177358491,0.714285714,0.685714286,0.347619048,0.1125,0.377589146,0.673469388,0.277777778,0.342105263,0.280820217
0.664921466,0.095238095,1,0,1,0.75,1,0,0.425655977,0.532835821,0.384615385,0.541666667,0.351823119,0.4,0.2,0.177358491,0.714285714,0.685714286,0.347619048,0.1125,0.377589146,0.673469388,0.277777778,0.342105263,0.293108584
0.643979058,0.095238095,1,0,0,0.75,1,0,0.425655977,0.532835821,0.384615385,0.541666667,0.474010861,0.4,0.4,0.388679245,0.714285714,0.55,0.533333333,0.125,0.454907265,0.040816327,0.222222222,0.315789474,0.393525644
0.643979058,0.095238095,1,0,1,0.75,1,0,0.425655977,0.532835821,0.384615385,0.541666667,0.495345229,0.4,0.4,0.388679245,0.714285714,0.55,0.533333333,0.125,0.454907265,0.040816327,0.222222222,0.315789474,0.396877017
0.298429319,0.095238095,1,0,1,0.75,1,0,0.49271137,0.714925373,0.564102564,0.658333333,0.607835531,0.4,0.4,0.388679245,0.714285714,0.55,0.533333333,0.125,0.454907265,0.040816327,0.194444444,0.236842105,0.482771461
0.298429319,0.095238095,1,0,1,0.75,1,0,0.49271137,0.714925373,0.564102564,0.658333333,0.675717611,0.4,0.4,0.558490566,0.714285714,0.771428571,0.628571429,0.0625,0.690727526,0.510204082,0.083333333,0.157894737,0.636562236
0.298429319,0.095238095,1,0,0,0.75,1,0,0.49271137,0.786567164,0.64957265,0.491666667,0.73390225,0.4,0.4,0.558490566,0.714285714,0.771428571,0.628571429,0.0625,0.690727526,0.510204082,0.083333333,0.157894737,0.898589941
0.298429319,0.095238095,1,0,1,0.75,1,0,0.682215743,0.834328358,0.905982906,0.708333333,0.782389449,0.4,0.4,0.558490566,0.714285714,0.771428571,0.628571429,0.0625,0.690727526,0.510204082,0.055555556,0.105263158,0.788491137
0.293193717,0.142857143,1,0,0,0.5,0.5,0,0.052478134,0,0,0.45,0,0.2,0.1,0,0.142857143,0.264285714,0.457142857,0.15625,0.172696132,0.387755102,0.944444444,0.973684211,0.000819224
0.172774869,0.142857143,1,0,0,0.5,0.5,0,0.2303207,0.220895522,0.282051282,0.35,0.149728472,0.4,0.2,0.109433962,0.142857143,0.35,0.495238095,0.1625,0.257746062,0.510204082,0.694444444,0.710526316,0.029219006
0.083769634,0.142857143,1,0,1,0.75,0.5,0,0.2303207,0.264179104,0.282051282,0.35,0.163304888,0.4,0.2,0.109433962,0.142857143,0.35,0.495238095,0.1625,0.257746062,0.510204082,0.694444444,0.710526316,0.036170001
0.277486911,0.19047619,1,0,0,0.5,0.5,0,0.206997085,0.241791045,0.299145299,0.25,0.150504267,0.4,0.2,0.109433962,0.142857143,0.307142857,0.552380952,0.150625,0.250014251,0.551020408,0.666666667,0.657894737,0.011270543
0.277486911,0.19047619,1,0,0,0.5,0.5,0,0.206997085,0.241791045,0.299145299,0.25,0.150504267,0.4,0.2,0.109433962,0.142857143,0.307142857,0.552380952,0.15,0.250014251,0.551020408,0.5,0.578947368,0.031254655
0.277486911,0.19047619,1,1,0,0.5,0.5,0,0.206997085,0.241791045,0.299145299,0.25,0.248254461,0.4,0.2,0.139622642,0.714285714,0.35,0.628571429,0.0375,0.381455052,0.551020408,0.305555556,0.368421053,0.070478129
0.434554974,0.19047619,1,0,1,0.5,0.5,0,0.206997085,0.241791045,0.299145299,0.233333333,0.185802948,0.4,0.2,0.109433962,0.142857143,0.307142857,0.552380952,0.15,0.250014251,0.551020408,0.5,0.578947368,0.027580557
0.434554974,0.19047619,1,0,1,0.75,0.5,0,0.206997085,0.241791045,0.299145299,0.233333333,0.194336695,0.4,0.2,0.109433962,0.142857143,0.307142857,0.552380952,0.15,0.250014251,0.551020408,0.5,0.578947368,0.039074525
0.434554974,0.19047619,1,0,1,0.75,0.5,0,0.206997085,0.241791045,0.299145299,0.233333333,0.194336695,0.4,0.2,0.109433962,0.142857143,0.307142857,0.552380952,0.15,0.250014251,0.551020408,0.5,0.578947368,0.061839035
0.434554974,0.19047619,1,1,1,0.75,0.5,0,0.206997085,0.241791045,0.299145299,0.233333333,0.272692009,0.4,0.2,0.139622642,0.714285714,0.35,0.628571429,0.0375,0.381455052,0.551020408,0.305555556,0.368421053,0.085397944
0.235602094,0.19047619,1,0,1,1,0.5,0,0.486880466,0.5,0.367521368,1,0.406128782,0.4,0.2,0.230188679,0.142857143,0.571428571,0.661904762,0.09375,0.327332369,0.346938776,0.305555556,0.368421053,0.094409414
0.418848168,0.19047619,1,1,0,0.5,0.5,0,0.271137026,0.479104478,0.512820513,0.2,0.513188518,0.4,0.2,0.358490566,0.571428571,0.757142857,0.871428571,0,0.547689007,0.346938776,0.166666667,0.210526316,0.194776823
0.376963351,0.238095238,1,0,0,0.5,0.5,0,0,0.052238806,0.307692308,0.25,0.087276959,0.4,0.2,0.116981132,0,0.264285714,0.638095238,0.1625,0.211355191,0.265306122,1,1,0.033786803
0.376963351,0.238095238,1,0,0,0.5,0.5,0,0,0.052238806,0.307692308,0.25,0.128394104,0.4,0.2,0.116981132,0,0.264285714,0.638095238,0.1375,0.280941498,0.755102041,0.5,0.578947368,0.043120997
0.188481675,0.238095238,1,0,0,0.5,0.5,0,0.206997085,0.132835821,0.316239316,0.4,0.135376261,0.4,0.2,0.067924528,0,0.264285714,0.476190476,0.19375,0.219087003,0.551020408,0.694444444,0.684210526,0.00697582
0.188481675,0.238095238,1,0,0,0.5,0.5,0,0.206997085,0.132835821,0.316239316,0.4,0.175329713,0.4,0.2,0.116981132,0,0.264285714,0.638095238,0.1375,0.280941498,0.755102041,0.472222222,0.473684211,0.035028052
0.188481675,0.238095238,1,0,0,0.5,0.5,0,0.206997085,0.132835821,0.316239316,0.4,0.181536074,0.4,0.2,0.116981132,0,0.264285714,0.638095238,0.1375,0.280941498,0.755102041,0.472222222,0.473684211,0.049923043
0.235602094,0.238095238,1,0,1,0.75,0.5,0,0.288629738,0.332835821,0.316239316,0.558333333,0.202482545,0.4,0.2,0.116981132,0,0.264285714,0.638095238,0.1375,0.280941498,0.755102041,0.472222222,0.473684211,0.05404399
0.068062827,0.238095238,1,0,1,1,0.5,0,0.288629738,0.23880597,0.307692308,0.875,0.207913111,0.4,0.2,0.116981132,0,0.271428571,0.638095238,0.1375,0.280941498,0.755102041,0.472222222,0.473684211,0.05404399
0.214659686,0.238095238,1,0,0,0.5,0.5,0,0.288629738,0.394029851,0.418803419,0.458333333,0.290147401,0.4,0.2,0.18490566,0,0.435714286,0.719047619,0.125,0.319600557,0.673469388,0.388888889,0.447368421,0.06893898
0.214659686,0.238095238,1,0,0,0.5,0.5,0,0.288629738,0.394029851,0.418803419,0.458333333,0.310705974,0.4,0.2,0.18490566,0,0.435714286,0.719047619,0.125,0.319600557,0.673469388,0.388888889,0.447368421,0.098728961
0.104712042,0.238095238,1,0,1,0.75,0.5,0,0.288629738,0.511940299,0.418803419,0.525,0.316524438,0.4,0.2,0.18490566,0,0.435714286,0.719047619,0.125,0.319600557,0.673469388,0.388888889,0.447368421,0.092522715
0.104712042,0.238095238,1,0,1,0.75,0.5,0,0.288629738,0.511940299,0.188034188,0.525,0.342901474,0.4,0.2,0.18490566,0,0.435714286,0.719047619,0.125,0.319600557,0.673469388,0.388888889,0.447368421,0.128518941
0.104712042,0.238095238,1,0,1,0.75,0.5,0,0.288629738,0.511940299,0.418803419,0.525,0.37897595,0.4,0.2,0.18490566,0.714285714,0.435714286,0.719047619,0.125,0.377589146,0.673469388,0.305555556,0.315789474,0.194305149
0.219895288,0.238095238,1,0,0,0.75,0.5,0,0.288629738,0.417910448,0.487179487,0.266666667,0.312257564,0.4,0.2,0.18490566,0.142857143,0.435714286,0.719047619,0.13125,0.37372324,0.551020408,0.333333333,0.394736842,0.129760191
0.298429319,0.285714286,1,0,1,0.75,1,0,0.224489796,0.441791045,0.128205128,0.475,0.329325058,0.4,0.2,0.188679245,0.142857143,0.55,0.552380952,0.09375,0.28867331,0.265306122,0.305555556,0.342105263,0.041383248
0.298429319,0.285714286,1,0,0,0.5,1,0,0.274052478,0.470149254,0.418803419,0.3,0.483320403,0.4,0.2,0.218867925,1,0.635714286,0.552380952,0.1375,0.335064181,0.346938776,0.305555556,0.342105263,0.147212154
0.418848168,0.333333333,1,0,1,0.75,1,0,0.7696793,0.873134328,0.794871795,0.416666667,1,0,0.4,0.743396226,0.714285714,0.778571429,1,0.06875,0.66753209,0.244897959,0.055555556,0.078947368,0.673551462
0.298429319,0.333333333,1,0,1,0.75,1,0,0.7696793,0.873134328,0.794871795,0.416666667,1,0,0.4,0.743396226,0.714285714,0.778571429,1,0.06875,0.66753209,0.244897959,0.055555556,0.078947368,0.755473909
0.298429319,0.333333333,1,0,0,0.75,1,0,0.448979592,0.755223881,0.88034188,0,0.955003879,0.8,1,1,0.714285714,0.714285714,0.328571429,0.28125,1,0.346938776,0,0.026315789,0.766645152
0.204188482,0.380952381,1,0,0,0.5,0.5,0,0.189504373,0.268656716,0.333333333,0.525,0.155934833,0.4,0.2,0.113207547,0.142857143,0.35,0.514285714,0.125,0.250014251,0.346938776,0.472222222,0.394736842,0.001911524
0.204188482,0.380952381,1,0,0,0.5,0.5,0,0.189504373,0.268656716,0.333333333,0.525,0.159813809,0.4,0.2,0.113207547,0.142857143,0.35,0.514285714,0.125,0.250014251,0.346938776,0.5,0.578947368,0.024254009
0.204188482,0.380952381,1,0,0,0.5,0.5,0,0.189504373,0.268656716,0.333333333,0.525,0.161753297,0.4,0.2,0.113207547,0.142857143,0.35,0.514285714,0.125,0.250014251,0.346938776,0.5,0.578947368,0.041631498
0.251308901,0.380952381,1,0,1,0.75,0.5,0,0.189504373,0.38358209,0.333333333,0.525,0.177269201,0.4,0.2,0.113207547,0.142857143,0.35,0.514285714,0.125,0.250014251,0.346938776,0.5,0.578947368,0.039149
0.251308901,0.380952381,1,0,1,0.75,0.5,0,0.189504373,0.38358209,0.333333333,0.525,0.179208689,0.4,0.2,0.113207547,0.142857143,0.385714286,0.514285714,0.125,0.250014251,0.346938776,0.5,0.578947368,0.056526488
0.445026178,0.380952381,1,0,0,0.5,1,0,0.253644315,0.41641791,0.461538462,0.15,0.346004655,1,0,0.033962264,0.285714286,0.563155977,0.565451895,0.15,0.377589146,0.755102041,0.111111111,0.184210526,0.144655181
0.445026178,0.380952381,1,0,0,0.5,1,0,0.253644315,0.41641791,0.461538462,0.15,0.346004655,1,0,0.033962264,0.285714286,0.563155977,0.565451895,0.15,0.377589146,0.755102041,0.111111111,0.184210526,0.166997666
0.445026178,0.380952381,1,0,0,0.5,1,0,0.253644315,0.41641791,0.461538462,0.15,0.347944143,1,0,0.033962264,0.285714286,0.563155977,0.565451895,0.15,0.377589146,0.755102041,0.111111111,0.184210526,0.211682637
0.445026178,0.380952381,1,0,0,0.5,1,0,0.253644315,0.41641791,0.461538462,0.15,0.392552366,1,0,0.071698113,0.714285714,0.563155977,0.565451895,0.15,0.509029948,0.755102041,0.083333333,0.184210526,0.261332605
0.335078534,0.380952381,1,0,0,0.5,0.5,0,0.355685131,0.547761194,0.52991453,0.491666667,0.347944143,0.4,0.2,0.230188679,0.142857143,0.607142857,0.628571429,0.1,0.311868745,0.265306122,0.361111111,0.421052632,0.092522715
0.261780105,0.380952381,1,0,1,0.75,0.5,0,0.355685131,0.547761194,0.52991453,0.641666667,0.357641583,0.4,0.2,0.230188679,0.142857143,0.607142857,0.628571429,0.1,0.311868745,0.265306122,0.361111111,0.421052632,0.083833971
0.335078534,0.380952381,1,0,0,0.5,0.5,0,0.355685131,0.547761194,0.52991453,0.491666667,0.347944143,0.4,0.2,0.230188679,0.142857143,0.607142857,0.628571429,0.1,0.311868745,0.265306122,0.361111111,0.421052632,0.135966437
0.261780105,0.380952381,1,0,1,0.75,0.5,0,0.355685131,0.547761194,0.52991453,0.641666667,0.357641583,0.4,0.2,0.230188679,0.142857143,0.607142857,0.628571429,0.1,0.311868745,0.265306122,0.361111111,0.421052632,0.127277692
0.298429319,0.380952381,0,0,1,0.75,0.5,0,0.355685131,0.547761194,0.52991453,0.641666667,0.370442203,0.4,0.2,0.230188679,0.428571429,0.607142857,0.628571429,0.98125,0.234550627,0.204081633,0.638888889,0.684210526,0.140931433
0.261780105,0.380952381,1,0,1,0.5,0.5,0,0.355685131,0.547761194,0.52991453,0.641666667,0.363460047,0.4,0.2,0.230188679,0.142857143,0.607142857,0.628571429,0.1,0.311868745,0.265306122,0.361111111,0.421052632,0.152102676
0.277486911,0.380952381,1,0,1,0.75,1,0,0.533527697,0.505970149,0.495726496,0.55,0.458494957,0.4,0.2,0.298113208,0.714285714,0.871428571,0.519047619,0.0625,0.451041359,0.346938776,0.166666667,0.289473684,0.326746438
0.298429319,0.380952381,0,0,1,0.75,1,0,0.533527697,0.505970149,0.495726496,0.55,0.470131885,0.4,0.2,0.275471698,0.428571429,0.635714286,0.747619048,0.9375,0.265477874,0.020408163,0.5,0.605263158,0.328335237
0.146596859,0.428571429,0,1,1,0.75,1,0,0.682215743,0.743283582,0.854700855,0.725,0.786268425,0.4,0.3,0.460377358,0.428571429,0.742857143,0.747619048,0.90625,0.462639076,0.081632653,0.25,0.236842105,0.50727372
0.146596859,0.428571429,0,1,1,1,1,0,0.682215743,0.743283582,0.854700855,0.908333333,0.87742436,0.4,0.3,0.460377358,0.428571429,0.742857143,0.747619048,0.90625,0.462639076,0.081632653,0.25,0.236842105,0.574201877
0.146596859,0.428571429,0,1,0,0.25,1,0,0.586005831,0.692537313,0.854700855,0.591666667,0.778510473,0.4,0.3,0.460377358,0.428571429,0.742857143,0.747619048,0.90625,0.462639076,0.081632653,0.25,0.236842105,0.572414478
0.146596859,0.428571429,0,1,1,0.75,1,0,0.84548105,0.917910448,0.974358974,0.708333333,0.885182312,0.4,0.3,0.460377358,0.428571429,0.742857143,0.747619048,0.90625,0.462639076,0.081632653,0.25,0.236842105,0.657415223
0.298429319,0.428571429,1,0,1,0.75,1,0,0.84548105,0.917910448,0.974358974,0.725,0.873545384,0.8,0.6,0.652830189,0.714285714,0.657142857,0.49047619,0.08125,0.586348066,0.244897959,0.083333333,0.052631579,0.721562981
0.403141361,0.428571429,1,0,0,0,1,0,0.29154519,0.585074627,0.871794872,0.25,0.852211016,0.8,0.6,0.652830189,0.714285714,0.657142857,0.49047619,0.08125,0.586348066,0.244897959,0.083333333,0.052631579,0.743210367
0.298429319,0.428571429,1,0,1,0.75,1,0,1,1,0.974358974,0.741666667,0.935608999,0.8,0.6,0.932075472,0.714285714,0.9,0.60952381,0.0625,0.698459338,0.142857143,0.027777778,0,0.889777072
0.298429319,0.428571429,1,0,0,0.25,1,0,0.740524781,0.867164179,1,0.633333333,0.863847944,0.8,0.6,0.916981132,0.714285714,0.9,0.60952381,0.0625,0.698459338,0.142857143,0.027777778,0,1
0.298429319,0.476190476,1,1,0,0.5,1,0,0.469387755,0.556716418,0.658119658,0.583333333,0.55159038,0.4,0.2,0.298113208,0.714285714,0.885714286,0.5,0.0625,0.663666185,0.346938776,0.166666667,0.210526316,0.282632441
0.502617801,0.523809524,1,0,0,0.5,0.5,0,0.206997085,0.241791045,0.35042735,0.25,0.166795966,0.4,0.2,0.116981132,0.142857143,0.307142857,0.552380952,0.15,0.250014251,0.551020408,0.666666667,0.657894737,0.006727571
0.502617801,0.523809524,1,0,0,0.5,0.5,0,0.206997085,0.241791045,0.35042735,0.25,0.176881303,0.4,0.2,0.116981132,0.142857143,0.307142857,0.552380952,0.15,0.250014251,0.551020408,0.5,0.578947368,0.026587558
0.502617801,0.523809524,1,0,0,0.5,0.5,0,0.206997085,0.241791045,0.35042735,0.25,0.200155159,0.4,0.2,0.116981132,0.142857143,0.307142857,0.552380952,0.15,0.250014251,0.551020408,0.5,0.578947368,0.03850355
0.502617801,0.523809524,1,1,0,0.5,0.5,0,0.186588921,0.241791045,0.299145299,0.25,0.25484872,0.4,0.2,0.139622642,0.857142857,0.35,0.628571429,0.0375,0.381455052,0.551020408,0.305555556,0.368421053,0.063825034
0.460732984,0.523809524,1,1,0,0.5,0.5,0,0.282798834,0.476119403,0.435897436,0.133333333,0.342125679,0.4,0.2,0.18490566,0.857142857,0.45,0.661904762,0.03125,0.435577735,0.551020408,0.277777778,0.368421053,0.120177747
0.460732984,0.523809524,1,0,0,0.5,0.5,0,0.282798834,0.476119403,0.435897436,0.133333333,0.32583398,0.4,0.2,0.230188679,0.142857143,0.578571429,0.661904762,0.09375,0.327332369,0.346938776,0.333333333,0.421052632,0.08393327
0.298429319,0.523809524,1,1,0,0.5,0.5,0,0.271137026,0.479104478,0.512820513,0.2,0.521722265,0.4,0.2,0.358490566,0.857142857,0.742857143,0.852380952,0,0.547689007,0.346938776,0.166666667,0.210526316,0.186460454
0.298429319,0.523809524,1,1,0,0.5,0.5,0,0.271137026,0.479104478,0.512820513,0.2,0.555857254,0.4,0.2,0.358490566,0.857142857,0.75,0.852380952,0,0.547689007,0.346938776,0.166666667,0.210526316,0.242068418
0.298429319,0.523809524,1,1,0,0.5,0.5,0,0.271137026,0.479104478,0.512820513,0.2,0.557796742,0.4,0.2,0.358490566,0.857142857,0.75,0.852380952,0,0.547689007,0.346938776,0.166666667,0.210526316,0.232634924
0.314136126,0.523809524,1,0,1,0.75,0.5,0,0.282798834,0.467164179,0.435897436,0.316666667,0.340186191,0.4,0.2,0.230188679,0.142857143,0.578571429,0.661904762,0.09375,0.327332369,0.346938776,0.333333333,0.421052632,0.046447545
0.314136126,0.523809524,1,0,1,0.75,0.5,0,0.282798834,0.467164179,0.435897436,0.316666667,0.355702095,0.4,0.2,0.230188679,0.142857143,0.578571429,0.661904762,0.09375,0.327332369,0.346938776,0.333333333,0.421052632,0.076237525
0.314136126,0.523809524,1,1,1,0.75,0.5,0,0.282798834,0.467164179,0.435897436,0.316666667,0.354926299,0.4,0.2,0.18490566,0.857142857,0.45,0.661904762,0.03125,0.435577735,0.551020408,0.277777778,0.368421053,0.103296758
0.376963351,0.523809524,1,0,1,0.75,0.5,0,0.282798834,0.467164179,0.435897436,0.316666667,0.354926299,0.4,0.2,0.18490566,0.857142857,0.45,0.661904762,0.03125,0.435577735,0.551020408,0.277777778,0.368421053,0.103296758
0.329842932,0.571428571,1,0,0,0.75,0.5,0,0.2303207,0.36119403,0.299145299,0.558333333,0.155546936,0.4,0.2,0.135849057,0.142857143,0.435714286,0.580952381,0.15,0.253880157,0.428571429,0.5,0.552631579,0.009458319
0.329842932,0.571428571,0,0,0,0.75,0.5,0,0.2303207,0.36119403,0.299145299,0.558333333,0.205197828,0.4,0.2,0.158490566,0.428571429,0.321428571,0.666666667,0.93125,0.199757474,0.265306122,0.888888889,0.894736842,0.049178293
0.329842932,0.571428571,1,0,0,0.75,0.5,0,0.2303207,0.36119403,0.299145299,0.558333333,0.166795966,0.4,0.2,0.135849057,0.142857143,0.435714286,0.580952381,0.15,0.253880157,0.428571429,0.5,0.552631579,0.03800705
0.298429319,0.571428571,1,0,1,0.75,0.5,0,0.2303207,0.36119403,0.299145299,0.558333333,0.174553918,0.4,0.2,0.135849057,0.142857143,0.435714286,0.580952381,0.15,0.253880157,0.428571429,0.5,0.552631579,0.042972047
0.19895288,0.571428571,1,0,1,1,0.5,0,0.2303207,0.434328358,0.299145299,0.475,0.207913111,0.4,0.2,0.135849057,0.142857143,0.435714286,0.580952381,0.15,0.253880157,0.428571429,0.5,0.552631579,0.055384539
0.329842932,0.571428571,1,0,0,0.75,0.5,0,0.2303207,0.36119403,0.299145299,0.558333333,0.179596587,0.4,0.2,0.135849057,0.142857143,0.435714286,0.580952381,0.15,0.253880157,0.428571429,0.5,0.552631579,0.05414329
0.329842932,0.571428571,1,0,0,0.5,0.5,0,0.2303207,0.365671642,0.299145299,0.458333333,0.209464701,0.4,0.2,0.135849057,0.142857143,0.435714286,0.580952381,0.15,0.253880157,0.428571429,0.5,0.552631579,0.066555782
0.298429319,0.571428571,1,0,1,0.75,0.5,0,0.2303207,0.36119403,0.299145299,0.558333333,0.187354538,0.4,0.2,0.135849057,0.142857143,0.435714286,0.580952381,0.15,0.253880157,0.428571429,0.5,0.552631579,0.059108287
0.19895288,0.571428571,1,0,1,1,0.5,0,0.2303207,0.434328358,0.299145299,0.475,0.21295578,0.4,0.2,0.135849057,0.142857143,0.435714286,0.580952381,0.15,0.253880157,0.428571429,0.5,0.552631579,0.071520779
0.539267016,0.571428571,1,0,0,0.25,0.5,0,0.247813411,0.317910448,0.299145299,0.458333333,0.201706749,0.4,0.2,0.135849057,0.142857143,0.435714286,0.580952381,0.15,0.253880157,0.428571429,0.5,0.552631579,0.077727024
0.214659686,0.571428571,1,0,1,0.5,0.5,0,0.309037901,0.482089552,0.418803419,0.575,0.324282389,0.4,0.2,0.222641509,0.142857143,0.564285714,0.666666667,0.09375,0.362125522,0.428571429,0.388888889,0.473684211,0.095104513
0.214659686,0.571428571,1,0,1,0.75,0.5,0,0.309037901,0.482089552,0.418803419,0.575,0.315748642,0.4,0.2,0.222641509,0.142857143,0.564285714,0.666666667,0.09375,0.362125522,0.428571429,0.388888889,0.473684211,0.109999504
0.329842932,0.571428571,1,0,1,0.75,0.5,0,0.402332362,0.605970149,0.52991453,0.608333333,0.623351435,0.8,0.4,0.452830189,0.714285714,0.635714286,0.571428571,0.125,0.574750348,0.428571429,0.111111111,0.157894737,0.20805819
0.22513089,0.571428571,1,0,1,1,0.5,0,0.402332362,0.649253731,0.52991453,0.691666667,0.701318852,0.8,0.4,0.452830189,0.714285714,0.635714286,0.571428571,0.125,0.574750348,0.428571429,0.111111111,0.157894737,0.230400675
0.22513089,0.571428571,1,0,1,0.75,0.5,0,0.402332362,0.649253731,0.52991453,0.608333333,0.609775019,0.8,0.4,0.452830189,0.714285714,0.635714286,0.571428571,0.125,0.574750348,0.428571429,0.166666667,0.236842105,0.20805819
0.67539267,0.571428571,1,0,0,0.5,1,0,0.137026239,0.441791045,0.64957265,0.158333333,0.614041893,0.8,0.4,0.452830189,0.714285714,0.635714286,0.571428571,0.125,0.605677596,0.428571429,0.166666667,0.236842105,0.29991063
0.67539267,0.571428571,1,1,0,0.5,1,0,0.137026239,0.441791045,0.64957265,0.158333333,0.640418929,0.8,0.4,0.452830189,0.714285714,0.635714286,0.571428571,0.05,0.760313833,0.428571429,0.111111111,0.184210526,0.36197309
0.869109948,0.571428571,1,0,0,0.5,1,0,0.367346939,0.558208955,0.64957265,0.158333333,0.640418929,0.8,0.4,0.452830189,0.714285714,0.635714286,0.571428571,0.125,0.605677596,0.428571429,0.166666667,0.236842105,0.329700611
0.502617801,0.619047619,1,0,1,0.75,1,0,0.620991254,0.680597015,0.692307692,0.741666667,0.594259116,0.2,0.2,0.222641509,0.714285714,0.657142857,0.533333333,0.0875,0.362125522,0.346938776,0.166666667,0.210526316,0.168363041
0.502617801,0.619047619,0,1,1,0.75,1,0,0.620991254,0.680597015,0.692307692,0.741666667,0.66291699,0.2,0.2,0.343396226,0.428571429,0.828571429,0.69047619,0.875,0.354393711,0,0.416666667,0.447368421,0.20063552
0.298429319,0.619047619,1,0,1,1,1,0,0.804664723,0.862686567,0.692307692,0.908333333,0.675717611,0.2,0.2,0.222641509,0.714285714,0.657142857,0.533333333,0.0875,0.362125522,0.346938776,0.166666667,0.210526316,0.181768532
0.298429319,0.619047619,0,1,1,1,1,0,0.804664723,0.862686567,0.692307692,0.908333333,0.75329713,0.2,0.2,0.343396226,0.428571429,0.828571429,0.69047619,0.875,0.354393711,0,0.333333333,0.236842105,0.217020009
0.502617801,0.619047619,1,0,1,0.75,1,0,0.620991254,0.680597015,0.692307692,0.741666667,0.615593483,0.2,0.2,0.222641509,0.714285714,0.657142857,0.057142857,0.0875,0.354393711,0.346938776,0.166666667,0.210526316,0.259718981
0.502617801,0.619047619,0,1,1,0.75,1,0,0.620991254,0.680597015,0.692307692,0.741666667,0.684251358,0.2,0.2,0.343396226,0.428571429,0.828571429,0.69047619,0.875,0.354393711,0,0.416666667,0.447368421,0.29248796
0.298429319,0.619047619,1,0,1,1,1,0,0.804664723,0.862686567,0.692307692,0.741666667,0.697051978,0.2,0.2,0.222641509,0.714285714,0.657142857,0.057142857,0.0875,0.354393711,0.346938776,0.166666667,0.210526316,0.287398838
0.298429319,0.619047619,0,1,1,1,1,0,0.804664723,0.862686567,0.692307692,0.908333333,0.774631497,0.2,0.2,0.343396226,0.428571429,0.828571429,0.69047619,0.875,0.354393711,0,0.333333333,0.236842105,0.296832332
0.502617801,0.619047619,1,0,1,0.75,1,0,0.620991254,0.680597015,0.692307692,0.741666667,0.615593483,0.2,0.2,0.222641509,0.714285714,0.657142857,0.533333333,0.0875,0.362125522,0.346938776,0.166666667,0.210526316,0.285785214
0.502617801,0.619047619,0,1,1,0.75,1,0,0.620991254,0.680597015,0.692307692,0.741666667,0.684251358,0.2,0.2,0.343396226,0.428571429,0.828571429,0.69047619,0.875,0.354393711,0,0.416666667,0.447368421,0.318554193
0.502617801,0.619047619,1,1,1,0.75,1,0,0.623906706,0.680597015,0.683760684,0.683333333,0.636927851,0.2,0.2,0.275471698,0.714285714,0.764285714,0.542857143,0,0.536091289,0.591836735,0.138888889,0.210526316,0.32351919
0.282722513,0.666666667,1,0,0,0.5,0.5,0,0.206997085,0.241791045,0.299145299,0.25,0.166795966,0.4,0.2,0.109433962,0.142857143,0.307142857,0.552380952,0.15,0.250014251,0.551020408,0.666666667,0.657894737,0.011270543
0.282722513,0.666666667,1,1,0,0.5,0.5,0,0.206997085,0.241791045,0.299145299,0.25,0.248254461,0.4,0.2,0.139622642,0.857142857,0.35,0.628571429,0.0375,0.381455052,0.551020408,0.305555556,0.368421053,0.070478129
0.465968586,0.666666667,1,0,1,0.5,0.5,0,0.206997085,0.241791045,0.299145299,0.233333333,0.185802948,0.4,0.2,0.109433962,0.142857143,0.307142857,0.552380952,0.15,0.250014251,0.551020408,0.5,0.578947368,0.027580557
0.465968586,0.666666667,1,0,1,0.75,0.5,0,0.206997085,0.391044776,0.299145299,0.25,0.194336695,0.4,0.2,0.109433962,0.142857143,0.307142857,0.552380952,0.15,0.250014251,0.551020408,0.5,0.578947368,0.039074525
0.465968586,0.666666667,1,0,1,0.75,0.5,0,0.206997085,0.391044776,0.299145299,0.25,0.272692009,0.4,0.2,0.139622642,0.142857143,0.307142857,0.552380952,0.15,0.250014251,0.551020408,0.5,0.578947368,0.061839035
0.047120419,0.666666667,1,0,1,1,0.5,0,0.486880466,0.5,0.367521368,1,0.406128782,0.4,0.2,0.230188679,0.142857143,0.578571429,0.661904762,0.09375,0.327332369,0.346938776,0.305555556,0.368421053,0.094409414
0.298429319,0.666666667,1,1,0,0.5,1,0,0.271137026,0.479104478,0.512820513,0.2,0.515903801,0.4,0.2,0.358490566,0.857142857,0.75,0.852380952,0,0.547689007,0.346938776,0.166666667,0.210526316,0.189811827
0.633507853,0.714285714,1,0,0,0.5,1,0,0.2303207,0.414925373,0.683760684,0.2,0.500387898,0.4,0.2,0.339622642,0.714285714,1,0.495238095,0.15625,0.539957195,0.551020408,0.166666667,0.289473684,0.419542227
0.298429319,0.714285714,1,0,0,0.25,1,1,0.084548105,0.414925373,0.401709402,0.316666667,0.491854151,0.6,0.4,0.501886792,0.714285714,0.857142857,0.395238095,0.15625,0.787375174,0.714285714,0.111111111,0.236842105,0.680452808
0.298429319,0.714285714,1,0,0,0.25,1,1,0.084548105,0.414925373,0.401709402,0.316666667,0.491854151,0.6,0.4,0.501886792,0.714285714,0.857142857,0.395238095,0.15625,0.787375174,0.714285714,0.111111111,0.236842105,0.717690284
0.298429319,0.714285714,1,0,0,0,1,1,0.084548105,0.414925373,0.401709402,0.316666667,0.508921645,0.6,0.4,0.501886792,0.714285714,0.857142857,0.395238095,0.15625,0.787375174,0.714285714,0.111111111,0.236842105,0.792165235
0.298429319,0.761904762,1,0,1,1,0.5,0,0.27696793,0.602985075,0.52991453,0.616666667,0.423196276,0.4,0.2,0.267924528,0.714285714,0.657142857,0.871428571,0.10625,0,,0.277777778,0.394736842,0.103693958
0.298429319,0.761904762,1,0,0,0.5,0.5,0,0.27696793,0.532835821,0.538461538,0.225,0.377036462,0.4,0.2,0.267924528,0.714285714,0.657142857,0.871428571,0.10625,0,,0.277777778,0.394736842,0.118588948
0.445026178,0.80952381,1,0,0,0.5,0.5,0,0.364431487,0.679104478,0.52991453,0.691666667,0.453840186,0.4,0.2,0.226415094,0.714285714,0.714285714,0.476190476,0.144375,0.412382299,0.448979592,0.222222222,0.315789474,0.167121791
0.204188482,0.80952381,1,0,1,0.75,0.5,0,0.364431487,0.679104478,0.52991453,0.691666667,0.468192397,0.4,0.2,0.226415094,0.714285714,0.714285714,0.476190476,0.14375,0.412382299,0.448979592,0.222222222,0.315789474,0.175065786
0.445026178,0.80952381,1,0,0,0.5,0.5,0,0.364431487,0.679104478,0.52991453,0.691666667,0.472847168,0.4,0.2,0.226415094,0.714285714,0,0,0.14375,0.412382299,0.448979592,0.222222222,0.315789474,0.24631349
0.204188482,0.80952381,1,0,1,0.75,0.5,0,0.364431487,0.679104478,0.52991453,0.691666667,0.492629946,0.4,0.2,0.226415094,0.714285714,0.714285714,0.476190476,0.14375,0.412382299,0.448979592,0.222222222,0.315789474,0.257981232
0.445026178,0.80952381,1,1,0,0.5,0.5,0,0.364431487,0.679104478,0.52991453,0.691666667,0.512024825,0,0.2,0.226415094,0.714285714,0.714285714,0.476190476,0.125,0.605677596,0.551020408,0.166666667,0.263157895,0.32351919
0.204188482,0.80952381,1,1,1,0.75,0.5,0,0.364431487,0.679104478,0.52991453,0.691666667,0.527152832,0,0.2,0.226415094,0.714285714,0.714285714,0.476190476,0.125,0.605677596,0.551020408,0.166666667,0.263157895,0.335186932
0.094240838,0.857142857,1,0,0,0.5,0.5,0,0.206997085,0.235820896,0.264957265,0.491666667,0.217998448,0.6,0.2,0.135849057,0.142857143,0.771428571,0.138095238,0.125,0.253880157,0.306122449,0.5,0.526315789,0
0.094240838,0.857142857,1,0,0,0.5,0.5,0,0.206997085,0.250746269,0.282051282,0.491666667,0.24515128,0.6,0.2,0.177358491,0.142857143,0.771428571,0.271428571,0.10625,0.26934378,0.102040816,0.361111111,0.394736842,0.048036344
0.094240838,0.857142857,1,0,0,0.5,0,0,0.195335277,0.241791045,0.299145299,0.658333333,0.291698991,0.6,0.2,0.177358491,0.142857143,0.771428571,0.271428571,0.10625,0.26934378,0.102040816,0.361111111,0.394736842,0.061690085
0.193717277,0.857142857,1,0,1,0.75,0.5,0,0.309037901,0.46119403,0.435897436,0.391666667,0.25484872,0.6,0.2,0.177358491,0.142857143,0.771428571,0.271428571,0.15625,0.304136934,0.265306122,0.527777778,0.552631579,0.049848568
0.193717277,0.857142857,1,0,1,0.75,0.5,0,0.309037901,0.46119403,0.435897436,0.391666667,0.272304112,0.6,0.2,0.177358491,0.142857143,0.771428571,0.271428571,0.15625,0.304136934,0.102040816,0.416666667,0.447368421,0.065959982
0.193717277,0.857142857,1,0,1,0.75,0.5,0,0.309037901,0.46119403,0.435897436,0.391666667,0.330488751,0.6,0.2,0.177358491,0.714285714,0.771428571,0.271428571,0.125,0.350527805,0.428571429,0.361111111,0.421052632,0.120202572
0.193717277,0.857142857,1,0,1,0.75,0,0,0.303206997,0.46119403,0.435897436,0.541666667,0.347944143,0.6,0.2,0.177358491,0.142857143,0.771428571,0.271428571,0.125,0.304136934,0.265306122,0.305555556,0.236842105,0.102154809
0.193717277,0.857142857,1,1,1,0.75,0,0,0.303206997,0.46119403,0.435897436,0.541666667,0.396431342,0.6,0.2,0.177358491,0.714285714,0.771428571,0.271428571,0.04375,0.416248205,0.265306122,0.305555556,0.342105263,0.152450226
0.12565445,0.857142857,1,0,1,1,0.5,0,0.303206997,0.48358209,0.435897436,0.433333333,0.311093871,0.6,0.2,0.177358491,0.142857143,0.771428571,0.271428571,0.125,0.304136934,0.265306122,0.416666667,0.421052632,0.058214587
0.12565445,0.857142857,1,0,1,1,0.5,0,0.303206997,0.48358209,0.435897436,0.433333333,0.375096974,0.6,0.2,0.177358491,0.714285714,0.771428571,0.271428571,0.125,0.350527805,0.428571429,0.333333333,0.394736842,0.126110918
0.104712042,0.857142857,1,0,1,1,0,0,0.300291545,0.485074627,0.435897436,0.591666667,0.361520559,0.6,0.2,0.177358491,0.142857143,0.771428571,0.271428571,0.125,0.304136934,0.265306122,0.277777778,0.342105263,0.071868328
0.104712042,0.857142857,1,1,1,1,0,0,0.300291545,0.485074627,0.435897436,0.591666667,0.450737005,0.6,0.2,0.177358491,0.714285714,0.771428571,0.271428571,0.04375,0.416248205,0.265306122,0.277777778,0.184210526,0.163249094
0.115183246,0.904761905,1,0,0,0.5,0.5,0,0.265306122,0.262686567,0.282051282,0.558333333,0.192785105,0.4,0.2,0.116981132,0.142857143,0.364285714,0.457142857,0.125,0.226818815,0.265306122,0.611111111,0.605263158,0.005709746
0.115183246,0.904761905,1,0,0,0.5,0.5,0,0.265306122,0.262686567,0.282051282,0.558333333,0.214119472,0.4,0.2,0.116981132,0.142857143,0.364285714,0.457142857,0.125,0.226818815,0.265306122,0.5,0.578947368,0.03028648
0.047120419,0.904761905,1,0,1,0.5,0.5,0,0.265306122,0.262686567,0.282051282,0.558333333,0.204422033,0.4,0.2,0.116981132,0.142857143,0.364285714,0.457142857,0.125,0.226818815,0.265306122,0.5,0.578947368,0.034010228
0.062827225,0.904761905,1,0,1,1,0.5,0,0.265306122,0.426865672,0.282051282,0.941666667,0.307214895,0.4,0.2,0.116981132,0.142857143,0.364285714,0.457142857,0.125,0.226818815,0.265306122,0.5,0.552631579,0.044684971
0.083769634,0.904761905,1,0,1,1,0,0,0.265306122,0.426865672,0.282051282,0.941666667,0.311093871,0.4,0.2,0.116981132,0.142857143,0.364285714,0.457142857,0.125,0.226818815,0.265306122,0.388888889,0.421052632,0.069013455
0.136125654,0.904761905,1,0,1,1,0,0,0.265306122,0.426865672,0.282051282,0.941666667,0.629169899,0.4,0.2,0.116981132,0.142857143,0.364285714,0.457142857,0.125,0.226818815,0.265306122,0.388888889,0.421052632,0.090859441
0.136125654,0.904761905,1,0,1,0.75,0.5,0,0.265306122,0.376119403,0.35042735,0.433333333,0.230023274,0.4,0.2,0.139622642,0.142857143,0.464285714,0.457142857,0.125,0.257746062,0.265306122,0.472222222,0.552631579,0.045181471
0.136125654,0.904761905,1,0,1,0.5,0.5,0,0.265306122,0.376119403,0.35042735,0.416666667,0.240884407,0.4,0.2,0.139622642,0.142857143,0.464285714,0.457142857,0.125,0.257746062,0.265306122,0.472222222,0.552631579,0.051635966
0.136125654,0.904761905,0,0,1,0.75,0.5,0,0.265306122,0.376119403,0.35042735,0.433333333,0.305275407,0.4,0.2,0.18490566,0.428571429,0.521428571,0.60952381,0.96875,0.20362338,0.142857143,0.583333333,0.526315789,0.069013455
0.136125654,0.904761905,0,0,1,0.5,0.5,0,0.265306122,0.376119403,0.35042735,0.416666667,0.305275407,0.4,0.2,0.18490566,0.428571429,0.521428571,0.60952381,0.96875,0.20362338,0.142857143,0.694444444,0.815789474,0.066282707
0.136125654,0.904761905,1,0,1,0.75,0.5,0,0.265306122,0.376119403,0.35042735,0.433333333,0.235065943,0.4,0.2,0.139622642,0.142857143,0.464285714,0.457142857,0.125,0.257746062,0.265306122,0.694444444,0.815789474,0.065041458
0.136125654,0.904761905,1,0,1,0.5,0.5,0,0.265306122,0.376119403,0.35042735,0.416666667,0.245927075,0.4,0.2,0.139622642,0.142857143,0.464285714,0.457142857,0.125,0.257746062,0.265306122,0.416666667,0.473684211,0.080432948
0.136125654,0.904761905,1,0,1,0.75,0.5,0,0.265306122,0.376119403,0.35042735,0.416666667,0.252909232,0.4,0.2,0.139622642,0.142857143,0.464285714,0.457142857,0.125,0.257746062,0.265306122,0.416666667,0.473684211,0.102775433
0.539267016,0.904761905,1,0,0,0.75,1,0,0.2303207,0.411940299,0.316239316,0.4,0.264158262,0.4,0.2,0.139622642,0.142857143,0.464285714,0.457142857,0.125,0.257746062,0.265306122,0.444444444,0.473684211,0.072985453
0.539267016,0.904761905,1,0,0,0.5,1,0,0.2303207,0.411940299,0.316239316,0.4,0.277734678,0.4,0.2,0.139622642,0.142857143,0.464285714,0.457142857,0.125,0.257746062,0.265306122,0.444444444,0.473684211,0.07745395
0.539267016,0.904761905,1,0,0,0.75,1,0,0.2303207,0.411940299,0.316239316,0.4,0.301396431,0,0.2,0.139622642,0.714285714,0.5,0.480952381,0.15,0.420114111,1,0.361111111,0.342105263,0.103768433
0.539267016,0.904761905,1,0,0,0.5,1,0,0.2303207,0.411940299,0.316239316,0.4,0.314972847,0,0.2,0.139622642,0.714285714,0.5,0.480952381,0.15,0.420114111,1,0.361111111,0.342105263,0.109726429
0.361256545,0.904761905,1,0,0,0.25,1,0,0.344023324,0.523880597,0.452991453,0.35,0.40806827,0.4,0.2,0.320754717,0.714285714,0.771428571,0.680952381,0.14375,0.435577735,0.265306122,0.305555556,0.368421053,0.082692021
0.361256545,0.904761905,1,0,0,0.25,1,0,0.344023324,0.523880597,0.452991453,0.35,0.40651668,0.4,0.2,0.320754717,0.714285714,0.771428571,0.680952381,0.14375,0.435577735,0.265306122,0.305555556,0.368421053,0.112233752
0.361256545,0.904761905,1,0,0,0.5,1,0,0.344023324,0.523880597,0.452991453,0.35,0.412335144,0.4,0.2,0.320754717,0.714285714,0.771428571,0.680952381,0.14375,0.435577735,0.265306122,0.305555556,0.368421053,0.120922496
0.361256545,0.904761905,1,0,0,0.25,1,0,0.344023324,0.523880597,0.452991453,0.35,0.461986036,0.4,0.2,0.320754717,0.714285714,0.771428571,0.680952381,0.14375,0.435577735,0.265306122,0.305555556,0.368421053,0.150960727
0.361256545,0.904761905,1,0,0,0.5,1,0,0.344023324,0.523880597,0.452991453,0.35,0.475562452,0.4,0.2,0.320754717,0.714285714,0.771428571,0.680952381,0.14375,0.435577735,0.265306122,0.305555556,0.368421053,0.159649471
0.361256545,0.904761905,1,0,0,0,1,0,0.344023324,0.523880597,0.452991453,0.433333333,0.576803724,0.4,0.2,0.320754717,0.714285714,0.771428571,0.680952381,0.14375,0.435577735,0.265306122,0.305555556,0.368421053,0.311578372
0,0.904761905,1,0,1,0.75,0.5,0,0.460641399,0.514925373,0.52991453,0.591666667,0.325058185,0.4,0.2,0.230188679,0.714285714,0.55,0.7,0.10625,0.342795993,0.020408163,0.444444444,0.473684211,0.095079688
0,0.904761905,0,1,1,0.75,0.5,0,0.460641399,0.514925373,0.52991453,0.591666667,0.384794414,0.4,0.2,0.18490566,0.428571429,0.521428571,0.60952381,0.96875,0.26934378,0.142857143,0.472222222,0.447368421,0.13852341
0,0.904761905,1,0,1,0.5,0.5,0,0.460641399,0.514925373,0.52991453,0.508333333,0.359193173,0.4,0.2,0.230188679,0.714285714,0.55,0.7,0.10625,0.342795993,0.020408163,0.388888889,0.421052632,0.120897671
0,0.904761905,1,0,1,0.75,0.5,0,0.460641399,0.514925373,0.52991453,0.591666667,0.359193173,0.4,0.2,0.230188679,0.714285714,0.55,0.7,0.10625,0.342795993,0.020408163,0.388888889,0.421052632,0.143488407
0,0.904761905,1,0,1,0.5,0.5,0,0.460641399,0.514925373,0.52991453,0.508333333,0.376260667,0.4,0.2,0.230188679,0.714285714,0.55,0.7,0.10625,0.342795993,0.020408163,0.388888889,0.421052632,0.152177151
0.691099476,0.904761905,1,0,0,0.5,1,0,0.475218659,0.632835821,0.632478632,0.35,0.577191621,0,0.4,0.41509434,0.714285714,0.521428571,0.60952381,0.14375,0.609543502,0.428571429,0.194444444,0.210526316,0.283997815
0.691099476,0.904761905,1,0,0,0.5,1,0,0.475218659,0.632835821,0.632478632,0.35,0.592707525,0,0.4,0.41509434,0.714285714,0.521428571,0.60952381,0.14375,0.609543502,0.428571429,0.166666667,0.210526316,0.270095824
0.130890052,0.904761905,1,0,1,0.75,1,0,0.521865889,0.697014925,0.52991453,0.525,0.637315749,0,0.4,0.41509434,0.714285714,0.521428571,0.60952381,0.1375,0.590213972,0.428571429,0.194444444,0.210526316,0.262449729
0.298429319,0.904761905,1,0,1,1,1,0,0.521865889,0.697014925,0.52991453,0.525,0.645073701,0,0.4,0.377358491,0.714285714,0.521428571,0.60952381,0.1375,0.590213972,0.428571429,0.166666667,0.210526316,0.263939228
0.298429319,0.952380952,0,0,0,0.75,0.5,0,0.311953353,0.456716418,0.444444444,0.658333333,0.299844841,0.4,0.2,0.135849057,0.428571429,0.335714286,0.633333333,1,0.188159756,0.265306122,0.666666667,0.789473684,0.065959982
0.298429319,0.952380952,1,0,0,0.75,0.5,0,0.311953353,0.456716418,0.444444444,0.658333333,0.279674166,0.4,0.2,0.181132075,0.714285714,0.464285714,0.633333333,0.125,0.315734651,0.448979592,0.388888889,0.473684211,0.070924979
0.151832461,0.952380952,0,0,1,0.75,0.5,0,0.311953353,0.456716418,0.444444444,0.658333333,0.301008534,0.4,0.2,0.135849057,0.428571429,0.335714286,0.633333333,1,0.188159756,0.265306122,0.666666667,0.789473684,0.071421479
0.151832461,0.952380952,1,0,1,0.75,0.5,0,0.311953353,0.456716418,0.444444444,0.658333333,0.280837859,0.4,0.2,0.181132075,0.714285714,0.464285714,0.633333333,0.125,0.315734651,0.448979592,0.388888889,0.473684211,0.076386475
0.151832461,0.952380952,1,0,1,0.75,0.5,0,0.311953353,0.456716418,0.444444444,0.658333333,0.305275407,0.4,0.2,0.181132075,0.714285714,0.464285714,0.633333333,0.125,0.315734651,0.448979592,0.388888889,0.473684211,0.083833971
0.151832461,0.952380952,0,1,1,0.75,0.5,0,0.311953353,0.456716418,0.444444444,0.658333333,0.322342901,0.4,0.2,0.135849057,0.428571429,0.335714286,0.633333333,1,0.250014251,0.142857143,0.666666667,0.684210526,0.108658954
0.151832461,0.952380952,1,0,1,0.75,0.5,0,0.311953353,0.456716418,0.444444444,0.658333333,0.314972847,0.4,0.2,0.181132075,0.714285714,0.464285714,0.633333333,0.1875,0.37372324,0.551020408,0.361111111,0.421052632,0.121071446
0.298429319,0.952380952,1,0,0,0,0.5,0,0.2303207,0.271641791,0.333333333,0.65,0.297129558,0.4,0.2,0.181132075,0.714285714,0.464285714,0.633333333,0.09375,0.335064181,0.551020408,0.305555556,0.342105263,0.16079142
1,0.952380952,1,0,0,0.5,0.5,0,0.2303207,0.367164179,0.316239316,0.3,0.284328937,0.4,0.2,0.181132075,0.714285714,0.464285714,0.633333333,0.09375,0.335064181,0.551020408,0.305555556,0.342105263,0.120699072
0.298429319,0.952380952,1,0,1,0.75,0.5,0,0.402332362,0.58358209,0.564102564,0.608333333,0.455003879,0.4,0.3,0.283018868,0.714285714,0.464285714,0.633333333,0.09375,0.412382299,0.551020408,0.166666667,0.210526316,0.202993893
0.298429319,0.952380952,0,1,1,0.75,0.5,0,0.402332362,0.58358209,0.564102564,0.608333333,0.423196276,0.4,0.2,0.135849057,0.428571429,0.335714286,0.633333333,1,0.250014251,0.142857143,0.555555556,0.578947368,0.216647634
0.298429319,0.952380952,1,0,1,1,0.5,0,0.402332362,0.626865672,0.564102564,0.608333333,0.416989915,0.4,0.2,0.181132075,0.714285714,0.464285714,0.633333333,0.125,0.327332369,0.551020408,0.333333333,0.394736842,0.178044784
0.19895288,1,1,0,1,0.75,1,0,0.516034985,0.711940299,0.58974359,0.7,0.552366175,0.4,0.2,0.301886792,0.714285714,0.885714286,0.514285714,0.15625,0.427845923,0.510204082,0.277777778,0.315789474,0.194181024
0.047120419,1,1,0,1,1,1,0,0.516034985,0.711940299,0.58974359,0.808333333,0.599689682,0.4,0.2,0.301886792,0.714285714,0.885714286,0.514285714,0.15625,0.427845923,0.510204082,0.277777778,0.315789474,0.205972891
0.19895288,1,1,0,1,0.75,1,0,0.516034985,0.711940299,0.58974359,0.7,0.56128782,0.4,0.2,0.301886792,0.714285714,0.885714286,0.514285714,0.15625,0.427845923,0.510204082,0.305555556,0.315789474,0.2697731
0.19895288,1,1,1,1,0.75,1,0,0.516034985,0.711940299,0.58974359,0.7,0.603956555,0.4,0.2,0.260377358,0.714285714,0.771428571,0.514285714,0.03125,0.613409408,0.387755102,0.111111111,0.157894737,0.330221935
0.047120419,1,1,1,1,1,1,0,0.516034985,0.711940299,0.58974359,0.808333333,0.647401086,0.4,0.2,0.260377358,0.714285714,0.771428571,0.514285714,0.03125,0.613409408,0.387755102,0.111111111,0.157894737,0.343379177
0.157068063,1,1,0,1,0.75,1,0,0.655976676,0.711940299,0.735042735,0.641666667,0.567882079,0.4,0.2,0.301886792,0.714285714,0.885714286,0.514285714,0.15625,0.427845923,0.510204082,0.277777778,0.315789474,0.291122586
0.157068063,1,1,1,1,0.75,1,0,0.655976676,0.711940299,0.726495726,0.641666667,0.605508146,0.4,0.2,0.301886792,0.714285714,0.885714286,0.514285714,0.10625,0.605677596,0.469387755,0.166666667,0.236842105,0.34573755
0.157068063,1,1,0,1,0.75,1,0,0.655976676,0.711940299,0.735042735,0.641666667,0.591155935,0.8,0.4,0.422641509,0.714285714,0.742857143,0.380952381,0.1125,0.505164042,0.551020408,0.138888889,0.184210526,0.406310511
0.157068063,1,0,1,1,0.75,1,0,0.655976676,0.711940299,0.735042735,0.641666667,0.670674942,0.4,0.4,0.316981132,0.428571429,0.335714286,0.633333333,1,0.396918676,0.265306122,0.361111111,0.289473684,0.43076312
0.157068063,1,1,1,1,0.75,1,0,0.655976676,0.711940299,0.735042735,0.641666667,0.610550815,0.4,0.2,0.301886792,0.714285714,0.885714286,0.514285714,0.15625,0.427845923,0.510204082,0.166666667,0.236842105,0.434610993
